-- Full Data Migration (Correct E-String Fix)
INSERT INTO public.modules (id, title, description, content, category, difficulty, icon, created_by, created_at) VALUES (E'b0754b49-593a-40da-ba4c-9a463a33efff', E'Introduction to DBMS', E'Learn the fundamentals of Database Management Systems, their types, and advantages over file systems.', E'# Introduction to DBMS\n\n## What is a Database?\nA **database** is an organized collection of structured information, or data, typically stored electronically in a computer system.\n\n## What is a DBMS?\nA **Database Management System** is a software system designed to manage and organize data in a structured way.\n\n## Types of DBMS\n1. **Hierarchical DBMS** — Data organized in a tree-like structure\n2. **Network DBMS** — Uses a graph structure with many-to-many relationships\n3. **Relational DBMS (RDBMS)** — Data stored in tables with rows and columns (e.g., MySQL, PostgreSQL)\n4. **Object-oriented DBMS** — Data stored as objects\n5. **NoSQL DBMS** — Non-relational databases for unstructured data (e.g., MongoDB)\n\n## Advantages of DBMS over File Systems\n| Feature | File System | DBMS |\n|---------|------------|------|\n| Data Redundancy | High | Controlled |\n| Data Consistency | Difficult | Ensured |\n| Data Sharing | Limited | Easy |\n| Security | Basic | Advanced |\n| Backup & Recovery | Manual | Automatic |\n\n## ACID Properties\n- **Atomicity**: All or nothing — a transaction is either fully completed or fully aborted\n- **Consistency**: Database moves from one valid state to another\n- **Isolation**: Concurrent transactions don''t interfere with each other\n- **Durability**: Once committed, changes persist even after system failure', E'Fundamentals', E'beginner', E'🗄️', E'8420d143-cf7f-4421-a083-2620864cbe2c', E'2026-04-14T06:38:20.422Z') ON CONFLICT (id) DO NOTHING;
INSERT INTO public.modules (id, title, description, content, category, difficulty, icon, created_by, created_at) VALUES (E'82910a96-074d-4059-b2f9-596dd466b99d', E'ER Diagrams & Data Modeling', E'Master Entity-Relationship diagrams, entities, attributes, relationships, and cardinality.', E'# Entity-Relationship (ER) Diagrams\n\n## What is an ER Diagram?\nAn **ER Diagram** is a visual representation of entities and the relationships between them within a database.\n\n## Components\n\n### 1. Entity\n- **Strong Entity**: Can be uniquely identified by its own attributes\n- **Weak Entity**: Cannot be identified without a strong entity\n\n### 2. Attributes\n- **Simple**: Cannot be divided further (e.g., Age)\n- **Composite**: Can be divided (e.g., Full Name → First + Last)\n- **Derived**: Calculated from other attributes (e.g., Age from DOB)\n- **Multi-valued**: Can have multiple values (e.g., Phone Numbers)\n- **Key**: Uniquely identifies an entity\n\n### 3. Relationships\n- **One-to-One (1:1)**\n- **One-to-Many (1:N)**\n- **Many-to-Many (M:N)**\n\n## Participation Constraints\n- **Total Participation**: Every entity must participate (double line)\n- **Partial Participation**: Some entities may not participate (single line)', E'Data Modeling', E'beginner', E'📊', E'8420d143-cf7f-4421-a083-2620864cbe2c', E'2026-04-14T06:38:20.422Z') ON CONFLICT (id) DO NOTHING;
INSERT INTO public.modules (id, title, description, content, category, difficulty, icon, created_by, created_at) VALUES (E'facbcb9e-3f7a-4e4e-8cba-1f80f0c2b4b0', E'Normalization', E'Understand database normalization from 1NF to BCNF with practical examples.', E'# Database Normalization\n\n## What is Normalization?\n**Normalization** is the process of organizing data in a database to reduce redundancy and improve data integrity.\n\n## Normal Forms\n\n### First Normal Form (1NF)\n- All columns contain atomic (indivisible) values\n- Each row is uniquely identifiable\n\n### Second Normal Form (2NF)\n- It is in 1NF\n- All non-key attributes are fully functionally dependent on the primary key\n\n### Third Normal Form (3NF)\n- It is in 2NF\n- No transitive dependencies exist\n\n### Boyce-Codd Normal Form (BCNF)\n- It is in 3NF\n- For every functional dependency X → Y, X is a super key\n\n## Functional Dependencies\nA functional dependency **X → Y** means the value of X uniquely determines the value of Y.\n\n## Denormalization\nSometimes we intentionally introduce redundancy for **performance optimization** in read-heavy applications.', E'Database Design', E'intermediate', E'🔧', E'8420d143-cf7f-4421-a083-2620864cbe2c', E'2026-04-14T06:38:20.422Z') ON CONFLICT (id) DO NOTHING;
INSERT INTO public.modules (id, title, description, content, category, difficulty, icon, created_by, created_at) VALUES (E'bc0bc089-25a5-4c9c-9aec-05078b2cb778', E'SQL Fundamentals', E'Learn SQL from basics — DDL, DML, DCL commands with practical query examples.', E'# SQL Fundamentals\n\n## What is SQL?\n**Structured Query Language (SQL)** is a standard language for managing and manipulating relational databases.\n\n## SQL Command Categories\n\n### DDL (Data Definition Language)\n```sql\nCREATE TABLE students (\n    id INT PRIMARY KEY AUTO_INCREMENT,\n    name VARCHAR(100) NOT NULL,\n    email VARCHAR(150) UNIQUE\n);\n\nALTER TABLE students ADD COLUMN phone VARCHAR(15);\nDROP TABLE students;\nTRUNCATE TABLE students;\n```\n\n### DML (Data Manipulation Language)\n```sql\nINSERT INTO students (name, email) VALUES (''Rahul'', ''rahul@email.com'');\nSELECT name, email FROM students WHERE age > 18 ORDER BY name;\nUPDATE students SET department = ''IT'' WHERE id = 1;\nDELETE FROM students WHERE id = 5;\n```\n\n### Important Clauses\n```sql\nSELECT department, COUNT(*) as total, AVG(age) as avg_age\nFROM students\nGROUP BY department\nHAVING COUNT(*) > 5;\n\nSELECT s.name, c.course_name\nFROM students s\nINNER JOIN enrollments e ON s.id = e.student_id\nINNER JOIN courses c ON e.course_id = c.id;\n```', E'SQL', E'beginner', E'💻', E'8420d143-cf7f-4421-a083-2620864cbe2c', E'2026-04-14T06:38:20.422Z') ON CONFLICT (id) DO NOTHING;
INSERT INTO public.modules (id, title, description, content, category, difficulty, icon, created_by, created_at) VALUES (E'74253705-7ad5-4fce-8902-070b48e5d1e9', E'Transactions & Concurrency Control', E'Deep dive into transaction management, ACID properties, locking, and deadlocks.', E'# Transactions & Concurrency Control\n\n## What is a Transaction?\nA **transaction** is a sequence of database operations treated as a single logical unit.\n\n## Transaction States\n1. **Active** — Being executed\n2. **Partially Committed** — Final operation executed\n3. **Committed** — Successfully completed\n4. **Failed** — Error occurred\n5. **Aborted** — Rolled back\n\n## Concurrency Problems\n1. **Lost Update** — Two transactions update same data; one is lost\n2. **Dirty Read** — Reading uncommitted data\n3. **Non-repeatable Read** — Different values on re-reading\n4. **Phantom Read** — New rows appear in re-executed query\n\n## Isolation Levels\n| Level | Dirty Read | Non-repeatable | Phantom |\n|-------|-----------|----------------|--------|\n| Read Uncommitted | Possible | Possible | Possible |\n| Read Committed | Prevented | Possible | Possible |\n| Repeatable Read | Prevented | Prevented | Possible |\n| Serializable | Prevented | Prevented | Prevented |\n\n## Locking Mechanisms\n- **Shared Lock (S)**: Multiple transactions can read\n- **Exclusive Lock (X)**: Only one transaction can write\n- **Two-Phase Locking (2PL)**: Growing phase + Shrinking phase', E'Transactions', E'advanced', E'🔒', E'8420d143-cf7f-4421-a083-2620864cbe2c', E'2026-04-14T06:38:20.422Z') ON CONFLICT (id) DO NOTHING;
INSERT INTO public.modules (id, title, description, content, category, difficulty, icon, created_by, created_at) VALUES (E'8baf582a-0905-4245-8144-fe622478c455', E'Indexing & Query Optimization', E'Learn about B-Trees, hashing, indexing strategies, and how to optimize SQL queries.', E'# Indexing & Query Optimization\n\n## What is Indexing?\nAn **index** improves the speed of data retrieval at the cost of additional storage and slower writes.\n\n## Types of Indexes\n- **Primary Index**: On the primary key column\n- **Secondary Index**: On non-primary key columns\n- **Clustered Index**: Determines physical order of data\n- **Non-Clustered Index**: Separate structure with pointers\n\n## Index Data Structures\n\n### B-Tree\n- Self-balancing tree\n- Search, Insert, Delete: O(log n)\n\n### B+ Tree\n- All data in leaf nodes\n- Leaves linked like a linked list\n- Better for range queries\n\n### Hash Index\n- Excellent for exact-match: O(1)\n- Poor for range queries\n\n## Optimization Tips\n- Use indexes on WHERE, JOIN, ORDER BY columns\n- Avoid SELECT * (fetch only needed columns)\n- Use EXISTS instead of IN for subqueries\n- Avoid functions on indexed columns in WHERE', E'Performance', E'advanced', E'⚡', E'8420d143-cf7f-4421-a083-2620864cbe2c', E'2026-04-14T06:38:20.422Z') ON CONFLICT (id) DO NOTHING;
INSERT INTO public.quizzes (id, title, description, module_id, time_limit_minutes, total_points, is_active, created_by, created_at) VALUES (E'c032f310-b0da-4f63-a404-39d6042a6f7b', E'DBMS Fundamentals Quiz', E'Test your knowledge of basic DBMS concepts, types, and ACID properties.', E'b0754b49-593a-40da-ba4c-9a463a33efff', E'10', E'10', E'1', E'8420d143-cf7f-4421-a083-2620864cbe2c', E'2026-04-14T06:38:20.422Z') ON CONFLICT (id) DO NOTHING;
INSERT INTO public.quizzes (id, title, description, module_id, time_limit_minutes, total_points, is_active, created_by, created_at) VALUES (E'ec7061a8-509d-4dde-adbc-cbbd11740a91', E'SQL Basics Quiz', E'Test your SQL knowledge — DDL, DML, and basic query writing.', E'bc0bc089-25a5-4c9c-9aec-05078b2cb778', E'15', E'10', E'1', E'8420d143-cf7f-4421-a083-2620864cbe2c', E'2026-04-14T06:38:20.422Z') ON CONFLICT (id) DO NOTHING;
INSERT INTO public.quizzes (id, title, description, module_id, time_limit_minutes, total_points, is_active, created_by, created_at) VALUES (E'fe27ac4a-192b-45c8-aee7-bf0feaa00a7f', E'Normalization Quiz', E'Test your understanding of database normalization from 1NF to BCNF.', E'facbcb9e-3f7a-4e4e-8cba-1f80f0c2b4b0', E'12', E'8', E'1', E'8420d143-cf7f-4421-a083-2620864cbe2c', E'2026-04-14T06:38:20.422Z') ON CONFLICT (id) DO NOTHING;
INSERT INTO public.quizzes (id, title, description, module_id, time_limit_minutes, total_points, is_active, created_by, created_at) VALUES (E'6f6d8143-e36e-4c96-b0d1-115a7265b640', E'Transactions & Concurrency Quiz', E'Advanced quiz on transaction management and concurrency control.', E'74253705-7ad5-4fce-8902-070b48e5d1e9', E'15', E'8', E'1', E'8420d143-cf7f-4421-a083-2620864cbe2c', E'2026-04-14T06:38:20.422Z') ON CONFLICT (id) DO NOTHING;
INSERT INTO public.quizzes (id, title, description, module_id, time_limit_minutes, total_points, is_active, created_by, created_at) VALUES (E'6708e7a5-b312-4a77-8784-241c3d91039a', E'Advanced DBMS Scenarios', E'Challenging scenario-based questions testing deep understanding of DBMS concepts. Requires analytical thinking and application of multiple concepts.', NULL, E'20', E'12', E'1', E'8420d143-cf7f-4421-a083-2620864cbe2c', E'2026-04-14T06:38:20.422Z') ON CONFLICT (id) DO NOTHING;
INSERT INTO public.quizzes (id, title, description, module_id, time_limit_minutes, total_points, is_active, created_by, created_at) VALUES (E'68a0660c-d050-41a0-9646-c6a9418ea397', E'SQL Mastery Challenge', E'Advanced SQL questions requiring query analysis, output prediction, and optimization knowledge. Not for beginners!', E'bc0bc089-25a5-4c9c-9aec-05078b2cb778', E'18', E'10', E'1', E'8420d143-cf7f-4421-a083-2620864cbe2c', E'2026-04-14T06:38:20.422Z') ON CONFLICT (id) DO NOTHING;
INSERT INTO public.quizzes (id, title, description, module_id, time_limit_minutes, total_points, is_active, created_by, created_at) VALUES (E'183a7651-35d2-4664-9695-8f857c938f05', E'SQL Injection Deep Dive', E'Imported quiz for SQL Injection Deep Dive', E'b0754b49-593a-40da-ba4c-9a463a33efff', E'15', E'2', E'true', E'8420d143-cf7f-4421-a083-2620864cbe2c', E'2026-04-15T15:10:59.836Z') ON CONFLICT (id) DO NOTHING;
INSERT INTO public.quizzes (id, title, description, module_id, time_limit_minutes, total_points, is_active, created_by, created_at) VALUES (E'73243dfc-bfae-4886-beb9-14306af7b240', E'mock testing', E'Imported quiz for mock testing', E'facbcb9e-3f7a-4e4e-8cba-1f80f0c2b4b0', E'15', E'8', E'true', E'8420d143-cf7f-4421-a083-2620864cbe2c', E'2026-04-15T15:16:35.214Z') ON CONFLICT (id) DO NOTHING;
INSERT INTO public.questions (id, quiz_id, question_text, option_a, option_b, option_c, option_d, correct_option, explanation, points, sort_order) VALUES (E'e6a660b4-c338-422c-a23e-5b7d5cb4845c', E'c032f310-b0da-4f63-a404-39d6042a6f7b', E'What does DBMS stand for?', E'Data Base Management System', E'Database Management System', E'Data Basic Management System', E'Database Machine System', E'B', E'DBMS stands for Database Management System.', E'1', E'1') ON CONFLICT (id) DO NOTHING;
INSERT INTO public.questions (id, quiz_id, question_text, option_a, option_b, option_c, option_d, correct_option, explanation, points, sort_order) VALUES (E'd50903b4-a3b1-43ba-ba17-4f952b6d3a25', E'c032f310-b0da-4f63-a404-39d6042a6f7b', E'Which of the following is NOT an ACID property?', E'Atomicity', E'Consistency', E'Independence', E'Durability', E'C', E'ACID = Atomicity, Consistency, Isolation, and Durability.', E'1', E'2') ON CONFLICT (id) DO NOTHING;
INSERT INTO public.questions (id, quiz_id, question_text, option_a, option_b, option_c, option_d, correct_option, explanation, points, sort_order) VALUES (E'46e25144-d0ba-4062-838c-30ceb0fb8ccd', E'c032f310-b0da-4f63-a404-39d6042a6f7b', E'Which type of DBMS stores data in tables?', E'Hierarchical', E'Network', E'Relational', E'Object-oriented', E'C', E'RDBMS stores data in tables with rows and columns.', E'1', E'3') ON CONFLICT (id) DO NOTHING;
INSERT INTO public.questions (id, quiz_id, question_text, option_a, option_b, option_c, option_d, correct_option, explanation, points, sort_order) VALUES (E'63fdfde9-6cab-4d88-acb9-fe7cc916226a', E'c032f310-b0da-4f63-a404-39d6042a6f7b', E'What is a Schema in a database?', E'The actual data stored', E'A query language', E'The structure/blueprint of the database', E'A type of index', E'C', E'A schema defines the structure of the database.', E'1', E'4') ON CONFLICT (id) DO NOTHING;
INSERT INTO public.questions (id, quiz_id, question_text, option_a, option_b, option_c, option_d, correct_option, explanation, points, sort_order) VALUES (E'183c4635-dd16-4bab-b71f-9b9a1bead94d', E'c032f310-b0da-4f63-a404-39d6042a6f7b', E'Which property ensures "all or nothing"?', E'Consistency', E'Isolation', E'Durability', E'Atomicity', E'D', E'Atomicity ensures all operations complete or none do.', E'1', E'5') ON CONFLICT (id) DO NOTHING;
INSERT INTO public.questions (id, quiz_id, question_text, option_a, option_b, option_c, option_d, correct_option, explanation, points, sort_order) VALUES (E'8a257dc2-4c33-45c6-8288-2455b958f0ad', E'c032f310-b0da-4f63-a404-39d6042a6f7b', E'Data redundancy is better controlled in:', E'File System', E'DBMS', E'Both equally', E'Neither', E'B', E'DBMS uses normalization to control redundancy.', E'1', E'6') ON CONFLICT (id) DO NOTHING;
INSERT INTO public.questions (id, quiz_id, question_text, option_a, option_b, option_c, option_d, correct_option, explanation, points, sort_order) VALUES (E'c5fc5f59-278b-4093-a147-1ec3a86f61b0', E'c032f310-b0da-4f63-a404-39d6042a6f7b', E'What does Data Independence mean?', E'Data can exist without a database', E'Schema can change without affecting data', E'Data is independent of users', E'Data does not need backup', E'B', E'Data independence: change schema without affecting data.', E'1', E'7') ON CONFLICT (id) DO NOTHING;
INSERT INTO public.questions (id, quiz_id, question_text, option_a, option_b, option_c, option_d, correct_option, explanation, points, sort_order) VALUES (E'5d922bd1-9699-4e2d-8577-38cad494496b', E'c032f310-b0da-4f63-a404-39d6042a6f7b', E'Which is a NoSQL database?', E'MySQL', E'PostgreSQL', E'MongoDB', E'Oracle', E'C', E'MongoDB is a NoSQL document-oriented database.', E'1', E'8') ON CONFLICT (id) DO NOTHING;
INSERT INTO public.questions (id, quiz_id, question_text, option_a, option_b, option_c, option_d, correct_option, explanation, points, sort_order) VALUES (E'd2a23c94-3573-49f9-a98c-60a2d50c7242', E'c032f310-b0da-4f63-a404-39d6042a6f7b', E'A database instance refers to:', E'The schema definition', E'The data at a particular moment', E'The database software', E'The query optimizer', E'B', E'An instance is the actual data at a moment in time.', E'1', E'9') ON CONFLICT (id) DO NOTHING;
INSERT INTO public.questions (id, quiz_id, question_text, option_a, option_b, option_c, option_d, correct_option, explanation, points, sort_order) VALUES (E'115142b0-4d9c-433f-b50d-c628d8d64729', E'c032f310-b0da-4f63-a404-39d6042a6f7b', E'Which ACID property ensures committed data persists?', E'Atomicity', E'Consistency', E'Isolation', E'Durability', E'D', E'Durability guarantees committed data remains permanent.', E'1', E'10') ON CONFLICT (id) DO NOTHING;
INSERT INTO public.questions (id, quiz_id, question_text, option_a, option_b, option_c, option_d, correct_option, explanation, points, sort_order) VALUES (E'59580dc5-6551-44fb-a1ac-9d8b93575b8a', E'ec7061a8-509d-4dde-adbc-cbbd11740a91', E'Which SQL command creates a new table?', E'MAKE TABLE', E'NEW TABLE', E'CREATE TABLE', E'ADD TABLE', E'C', E'CREATE TABLE is the DDL command.', E'1', E'1') ON CONFLICT (id) DO NOTHING;
INSERT INTO public.questions (id, quiz_id, question_text, option_a, option_b, option_c, option_d, correct_option, explanation, points, sort_order) VALUES (E'0c5c9002-2824-4e5d-a4a8-389003708e15', E'ec7061a8-509d-4dde-adbc-cbbd11740a91', E'Which SQL clause filters rows?', E'SELECT', E'WHERE', E'FROM', E'ORDER BY', E'B', E'WHERE filters rows based on conditions.', E'1', E'2') ON CONFLICT (id) DO NOTHING;
INSERT INTO public.questions (id, quiz_id, question_text, option_a, option_b, option_c, option_d, correct_option, explanation, points, sort_order) VALUES (E'cb49395e-794e-4faf-bc63-9eb051289bdc', E'ec7061a8-509d-4dde-adbc-cbbd11740a91', E'What does DML stand for?', E'Data Manipulation Language', E'Data Management Language', E'Data Modeling Language', E'Database Manipulation Language', E'A', E'DML = Data Manipulation Language.', E'1', E'3') ON CONFLICT (id) DO NOTHING;
INSERT INTO public.questions (id, quiz_id, question_text, option_a, option_b, option_c, option_d, correct_option, explanation, points, sort_order) VALUES (E'97db5378-21a9-46e5-bca3-19208ba23ca0', E'ec7061a8-509d-4dde-adbc-cbbd11740a91', E'Which command removes all rows but keeps structure?', E'DELETE', E'DROP', E'TRUNCATE', E'REMOVE', E'C', E'TRUNCATE removes data, preserves table structure.', E'1', E'4') ON CONFLICT (id) DO NOTHING;
INSERT INTO public.questions (id, quiz_id, question_text, option_a, option_b, option_c, option_d, correct_option, explanation, points, sort_order) VALUES (E'5e2d9202-ab8d-4c64-ba93-eec67397b47d', E'ec7061a8-509d-4dde-adbc-cbbd11740a91', E'Which JOIN returns all rows from both tables?', E'INNER', E'LEFT', E'RIGHT', E'FULL OUTER', E'D', E'FULL OUTER JOIN returns all rows from both tables.', E'1', E'5') ON CONFLICT (id) DO NOTHING;
INSERT INTO public.questions (id, quiz_id, question_text, option_a, option_b, option_c, option_d, correct_option, explanation, points, sort_order) VALUES (E'17fe19c2-7850-4afa-9271-cb1849269cff', E'ec7061a8-509d-4dde-adbc-cbbd11740a91', E'Correct order of SQL clauses?', E'SELECT, WHERE, FROM', E'SELECT, FROM, WHERE, ORDER BY', E'FROM, SELECT, WHERE', E'SELECT, FROM, ORDER BY, WHERE', E'B', E'SELECT, FROM, WHERE, GROUP BY, HAVING, ORDER BY.', E'1', E'6') ON CONFLICT (id) DO NOTHING;
INSERT INTO public.questions (id, quiz_id, question_text, option_a, option_b, option_c, option_d, correct_option, explanation, points, sort_order) VALUES (E'b4b0df45-43da-4516-b552-603630a1b49e', E'ec7061a8-509d-4dde-adbc-cbbd11740a91', E'Which aggregate function counts rows?', E'SUM()', E'AVG()', E'COUNT()', E'TOTAL()', E'C', E'COUNT() returns the number of matching rows.', E'1', E'7') ON CONFLICT (id) DO NOTHING;
INSERT INTO public.questions (id, quiz_id, question_text, option_a, option_b, option_c, option_d, correct_option, explanation, points, sort_order) VALUES (E'1fe8e6e4-beaf-4f5d-b0e5-7c48f03d2788', E'ec7061a8-509d-4dde-adbc-cbbd11740a91', E'LIKE operator with "R%" matches?', E'Strings ending with R', E'Strings containing R', E'Strings starting with R', E'Exact match R%', E'C', E'"R%" matches strings starting with "R".', E'1', E'8') ON CONFLICT (id) DO NOTHING;
INSERT INTO public.questions (id, quiz_id, question_text, option_a, option_b, option_c, option_d, correct_option, explanation, points, sort_order) VALUES (E'e88a5c1a-2665-487d-988a-d73e8b398bfa', E'ec7061a8-509d-4dde-adbc-cbbd11740a91', E'Which SQL command gives permissions?', E'ALLOW', E'PERMIT', E'GRANT', E'ENABLE', E'C', E'GRANT is the DCL command for permissions.', E'1', E'9') ON CONFLICT (id) DO NOTHING;
INSERT INTO public.questions (id, quiz_id, question_text, option_a, option_b, option_c, option_d, correct_option, explanation, points, sort_order) VALUES (E'd590785a-54dc-4ea0-bd97-31e5c6bbfe7c', E'ec7061a8-509d-4dde-adbc-cbbd11740a91', E'What does COMMIT do?', E'Starts transaction', E'Saves all changes permanently', E'Rolls back changes', E'Pauses transaction', E'B', E'COMMIT saves changes permanently.', E'1', E'10') ON CONFLICT (id) DO NOTHING;
INSERT INTO public.questions (id, quiz_id, question_text, option_a, option_b, option_c, option_d, correct_option, explanation, points, sort_order) VALUES (E'91ba4042-3b59-4884-aa28-28474733ce90', E'fe27ac4a-192b-45c8-aee7-bf0feaa00a7f', E'Main goal of normalization?', E'Increase redundancy', E'Reduce redundancy and anomalies', E'Speed up queries', E'Add more tables', E'B', E'Normalization reduces redundancy and prevents anomalies.', E'1', E'1') ON CONFLICT (id) DO NOTHING;
INSERT INTO public.questions (id, quiz_id, question_text, option_a, option_b, option_c, option_d, correct_option, explanation, points, sort_order) VALUES (E'636d5d66-8664-44a9-aef0-6a7a59ab27af', E'fe27ac4a-192b-45c8-aee7-bf0feaa00a7f', E'A table is in 1NF if:', E'No redundant data', E'All attributes are atomic', E'No transitive dependencies', E'Every determinant is candidate key', E'B', E'1NF requires atomic (indivisible) values.', E'1', E'2') ON CONFLICT (id) DO NOTHING;
INSERT INTO public.questions (id, quiz_id, question_text, option_a, option_b, option_c, option_d, correct_option, explanation, points, sort_order) VALUES (E'bff4476e-7ee5-4b1c-a79c-8228caeb9c13', E'fe27ac4a-192b-45c8-aee7-bf0feaa00a7f', E'What does 2NF eliminate?', E'Transitive dependencies', E'Multi-valued dependencies', E'Partial dependencies', E'All redundancy', E'C', E'2NF eliminates partial dependencies.', E'1', E'3') ON CONFLICT (id) DO NOTHING;
INSERT INTO public.questions (id, quiz_id, question_text, option_a, option_b, option_c, option_d, correct_option, explanation, points, sort_order) VALUES (E'11ee8e14-6985-403f-9fd0-006d3949a537', E'fe27ac4a-192b-45c8-aee7-bf0feaa00a7f', E'3NF eliminates which dependency?', E'Partial', E'Transitive', E'Full', E'Multi-valued', E'B', E'3NF eliminates transitive dependencies.', E'1', E'4') ON CONFLICT (id) DO NOTHING;
INSERT INTO public.questions (id, quiz_id, question_text, option_a, option_b, option_c, option_d, correct_option, explanation, points, sort_order) VALUES (E'093022d0-5d04-4347-aaab-89178dc0e151', E'fe27ac4a-192b-45c8-aee7-bf0feaa00a7f', E'BCNF is stricter than:', E'1NF only', E'2NF only', E'3NF', E'None', E'C', E'BCNF is a stricter version of 3NF.', E'1', E'5') ON CONFLICT (id) DO NOTHING;
INSERT INTO public.questions (id, quiz_id, question_text, option_a, option_b, option_c, option_d, correct_option, explanation, points, sort_order) VALUES (E'c5b014e6-0da0-4608-8a25-17ea6a6d02bf', E'fe27ac4a-192b-45c8-aee7-bf0feaa00a7f', E'What is a Functional Dependency?', E'Relationship between tables', E'When X uniquely determines Y', E'A type of JOIN', E'Constraint on data types', E'B', E'X→Y means X uniquely determines Y.', E'1', E'6') ON CONFLICT (id) DO NOTHING;
INSERT INTO public.questions (id, quiz_id, question_text, option_a, option_b, option_c, option_d, correct_option, explanation, points, sort_order) VALUES (E'7bf13270-f2a8-45cd-863f-e9b03dca189b', E'fe27ac4a-192b-45c8-aee7-bf0feaa00a7f', E'Denormalization is done for:', E'Better integrity', E'Performance optimization', E'Reducing tables', E'Best practices', E'B', E'Denormalization improves read performance.', E'1', E'7') ON CONFLICT (id) DO NOTHING;
INSERT INTO public.questions (id, quiz_id, question_text, option_a, option_b, option_c, option_d, correct_option, explanation, points, sort_order) VALUES (E'3b066311-651a-440c-b3fb-73739b09c485', E'fe27ac4a-192b-45c8-aee7-bf0feaa00a7f', E'Multi-valued attribute like "Phone: 123, 456" violates:', E'2NF', E'3NF', E'1NF', E'BCNF', E'C', E'1NF requires atomic values.', E'1', E'8') ON CONFLICT (id) DO NOTHING;
INSERT INTO public.questions (id, quiz_id, question_text, option_a, option_b, option_c, option_d, correct_option, explanation, points, sort_order) VALUES (E'9e11c46c-d9ec-4eec-9d10-a5d78b86da75', E'6f6d8143-e36e-4c96-b0d1-115a7265b640', E'Transaction states are:', E'Start, Run, Stop', E'Active, Partially Committed, Committed, Failed, Aborted', E'Begin, Process, End', E'Open, Closed, Pending', E'B', E'Active → Partially Committed → Committed (or Failed → Aborted).', E'1', E'1') ON CONFLICT (id) DO NOTHING;
INSERT INTO public.questions (id, quiz_id, question_text, option_a, option_b, option_c, option_d, correct_option, explanation, points, sort_order) VALUES (E'9ff1bb5e-1b66-4775-a922-914292c89d8b', E'6f6d8143-e36e-4c96-b0d1-115a7265b640', E'A "Dirty Read" occurs when:', E'Data is corrupted', E'An uncommitted value is read', E'A transaction reads own data', E'Query returns empty', E'B', E'Dirty read: reading uncommitted data from another transaction.', E'1', E'2') ON CONFLICT (id) DO NOTHING;
INSERT INTO public.questions (id, quiz_id, question_text, option_a, option_b, option_c, option_d, correct_option, explanation, points, sort_order) VALUES (E'8d0c6d1c-aa26-4975-836f-ded732259e2e', E'6f6d8143-e36e-4c96-b0d1-115a7265b640', E'Which isolation level prevents all issues?', E'Read Uncommitted', E'Read Committed', E'Repeatable Read', E'Serializable', E'D', E'Serializable is the strictest isolation level.', E'1', E'3') ON CONFLICT (id) DO NOTHING;
INSERT INTO public.questions (id, quiz_id, question_text, option_a, option_b, option_c, option_d, correct_option, explanation, points, sort_order) VALUES (E'eef87f5d-b2f5-477b-aeba-51065da10653', E'6f6d8143-e36e-4c96-b0d1-115a7265b640', E'Exclusive Lock (X) allows:', E'Multiple reads', E'Multiple writes', E'Only one transaction to read/write', E'No access', E'C', E'Exclusive lock: only the holding transaction can access.', E'1', E'4') ON CONFLICT (id) DO NOTHING;
INSERT INTO public.questions (id, quiz_id, question_text, option_a, option_b, option_c, option_d, correct_option, explanation, points, sort_order) VALUES (E'3a0725f1-ada5-40d5-bea9-bdb1ed2b7fa6', E'6f6d8143-e36e-4c96-b0d1-115a7265b640', E'What is a deadlock?', E'Slow query', E'Database crash', E'Transactions waiting for each other', E'Data corruption', E'C', E'Deadlock: transactions waiting for each other indefinitely.', E'1', E'5') ON CONFLICT (id) DO NOTHING;
INSERT INTO public.questions (id, quiz_id, question_text, option_a, option_b, option_c, option_d, correct_option, explanation, points, sort_order) VALUES (E'e2569032-b149-4673-a4cf-9f07fba0d225', E'6f6d8143-e36e-4c96-b0d1-115a7265b640', E'Two-Phase Locking phases:', E'Read and Write', E'Growing and Shrinking', E'Lock and Unlock', E'Commit and Rollback', E'B', E'2PL: Growing (acquire locks) and Shrinking (release locks).', E'1', E'6') ON CONFLICT (id) DO NOTHING;
INSERT INTO public.questions (id, quiz_id, question_text, option_a, option_b, option_c, option_d, correct_option, explanation, points, sort_order) VALUES (E'331984ba-fc9d-404e-8c4b-e377515fc13e', E'6f6d8143-e36e-4c96-b0d1-115a7265b640', E'Write-Ahead Logging (WAL) ensures:', E'Atomicity', E'Isolation', E'Durability', E'Consistency', E'C', E'WAL ensures durability by writing logs before data changes.', E'1', E'7') ON CONFLICT (id) DO NOTHING;
INSERT INTO public.questions (id, quiz_id, question_text, option_a, option_b, option_c, option_d, correct_option, explanation, points, sort_order) VALUES (E'b4e5f265-a296-4889-ad0d-261fee1e5d15', E'6f6d8143-e36e-4c96-b0d1-115a7265b640', E'In Wait-Die, a younger transaction:', E'Waits', E'Dies (aborts)', E'Continues', E'Restarts', E'B', E'Wait-Die: younger transaction aborts if needing a lock from older.', E'1', E'8') ON CONFLICT (id) DO NOTHING;
INSERT INTO public.questions (id, quiz_id, question_text, option_a, option_b, option_c, option_d, correct_option, explanation, points, sort_order) VALUES (E'818b8d94-face-43fa-8ea1-cd8019347c8c', E'6708e7a5-b312-4a77-8784-241c3d91039a', E'A university database has: Student(SID, Name, DeptID), Department(DeptID, DeptName, HOD_ID), Faculty(FID, Name). The functional dependencies are: SID→Name,DeptID; DeptID→DeptName,HOD_ID; FID→Name. The Student table is in which normal form?', E'1NF — because it has repeating groups', E'2NF — because all non-key attributes depend on the full primary key', E'3NF — because there are no transitive dependencies in Student', E'BCNF — because every determinant is a superkey', E'C', E'Student(SID→Name,DeptID) has SID as the only candidate key. Name and DeptID both depend directly on SID with no transitive dependency within this table. DeptID→DeptName,HOD_ID is a dependency in the Department table, not Student. So Student is in 3NF.', E'2', E'1') ON CONFLICT (id) DO NOTHING;
INSERT INTO public.questions (id, quiz_id, question_text, option_a, option_b, option_c, option_d, correct_option, explanation, points, sort_order) VALUES (E'aa3a6f92-a95b-4715-8932-a2f1741a7ef5', E'6708e7a5-b312-4a77-8784-241c3d91039a', E'Consider two transactions: T1 reads A, writes A, reads B, writes B. T2 reads A, reads B, writes B. Schedule: T1:R(A), T2:R(A), T1:W(A), T2:R(B), T1:R(B), T1:W(B), T2:W(B). Is this schedule conflict-serializable?', E'Yes, it is equivalent to T1→T2', E'Yes, it is equivalent to T2→T1', E'No, because the precedence graph has a cycle', E'Cannot be determined without knowing the values', E'C', E'Build precedence graph: T1:R(A) before T2:R(A) — no conflict (both reads). T2:R(A) before T1:W(A) — conflict: T2→T1. T1:R(B) before T2:W(B) — conflict: T1→T2. This creates a cycle T1→T2→T1, so NOT conflict-serializable.', E'2', E'2') ON CONFLICT (id) DO NOTHING;
INSERT INTO public.questions (id, quiz_id, question_text, option_a, option_b, option_c, option_d, correct_option, explanation, points, sort_order) VALUES (E'cb197d4e-656b-4674-b0f4-01646c06e0af', E'6708e7a5-b312-4a77-8784-241c3d91039a', E'A B+ tree of order 4 (max 3 keys per node) contains values 1-15 inserted in order. After deleting keys 5, 7, and 11, what is the minimum height of the resulting tree?', E'1 (just root with children)', E'2 (root, one level of internal nodes, leaves)', E'3 (three levels)', E'0 (all data fits in root)', E'B', E'With 12 remaining values in a B+ tree of order 4, each leaf can hold 2-3 keys. Minimum leaves needed = ceil(12/3) = 4 leaves. An internal node can hold 2-4 children. 4 leaves need at least 2 internal nodes under a root, giving height = 2.', E'1', E'3') ON CONFLICT (id) DO NOTHING;
INSERT INTO public.questions (id, quiz_id, question_text, option_a, option_b, option_c, option_d, correct_option, explanation, points, sort_order) VALUES (E'd3097def-8622-4639-9ad8-6b4e0092ff43', E'6708e7a5-b312-4a77-8784-241c3d91039a', E'Given relation R(A,B,C,D,E) with FDs: A→BC, CD→E, B→D, E→A. What are all the candidate keys?', E'A only', E'A and E', E'A, E, BC, and CD', E'A, E, and CD', E'C', E'A→BC→D(via B→D), and CD→E, so A→ABCDE (A is a candidate key). E→A→ABCDE (E is a candidate key). BC: B→D, so BC→BCD, CD→E, so BC→BCDE, E→A, so BC→ABCDE. CD: CD→E→A→BC, so CD→ABCDE. All four are candidate keys.', E'2', E'4') ON CONFLICT (id) DO NOTHING;
INSERT INTO public.questions (id, quiz_id, question_text, option_a, option_b, option_c, option_d, correct_option, explanation, points, sort_order) VALUES (E'c79ff371-2e22-420e-abfd-34de836448cf', E'6708e7a5-b312-4a77-8784-241c3d91039a', E'In a distributed database, a transaction T needs to update records on servers S1, S2, and S3. During 2-Phase Commit, S1 votes YES, S2 votes YES, but S3 crashes before voting. What should the coordinator do?', E'Commit the transaction on S1 and S2, abort on S3', E'Wait indefinitely for S3 to recover and vote', E'Abort the entire transaction (global abort)', E'Commit because majority voted YES', E'C', E'In 2PC, ALL participants must vote YES for a commit. If any participant fails to vote (or votes NO), the coordinator must issue a global ABORT. 2PC requires unanimity, not majority.', E'1', E'5') ON CONFLICT (id) DO NOTHING;
INSERT INTO public.questions (id, quiz_id, question_text, option_a, option_b, option_c, option_d, correct_option, explanation, points, sort_order) VALUES (E'5d982f05-4279-4893-b8f8-efbe488d355a', E'6708e7a5-b312-4a77-8784-241c3d91039a', E'A query "SELECT * FROM Employees WHERE salary > 50000 AND department = ''CS'' ORDER BY name" runs on a table with 100,000 rows. An index exists on (department, salary). Which optimization would the query optimizer most likely choose?', E'Full table scan with filesort', E'Use the composite index for department="CS", then filter salary, then filesort for name', E'Use the index for salary > 50000 only', E'Create a temporary index on name, then scan', E'B', E'The composite index (department, salary) can be used to efficiently find department="CS" rows (first column match), then the index can further narrow by salary > 50000 (range on second column). The ORDER BY name would require a filesort since name is not in the index. This is the most efficient plan.', E'1', E'6') ON CONFLICT (id) DO NOTHING;
INSERT INTO public.questions (id, quiz_id, question_text, option_a, option_b, option_c, option_d, correct_option, explanation, points, sort_order) VALUES (E'25b53e30-7f52-4f50-bc5a-30a7f5da7ccb', E'6708e7a5-b312-4a77-8784-241c3d91039a', E'A table OrderDetails(OrderID, ProductID, Qty, Price, Total) has Total = Qty × Price. Which anomaly does storing Total introduce, and what is the best fix?', E'Insertion anomaly — add a CHECK constraint', E'Update anomaly — use a computed/generated column or view', E'Deletion anomaly — add a trigger', E'No anomaly — storing derived data is always fine', E'B', E'Total is a derived attribute (Qty × Price). Storing it creates an UPDATE anomaly: if Qty or Price changes, Total must also be updated or it becomes inconsistent. The best fix is to use a computed column (generated as Qty*Price) or a view, so Total is always calculated, never stored.', E'1', E'7') ON CONFLICT (id) DO NOTHING;
INSERT INTO public.questions (id, quiz_id, question_text, option_a, option_b, option_c, option_d, correct_option, explanation, points, sort_order) VALUES (E'2bb4b872-4ead-4d4d-980e-c1f3af04bb73', E'6708e7a5-b312-4a77-8784-241c3d91039a', E'Two transactions execute under Strict 2PL: T1 holds X-lock on record R1 and requests S-lock on R2. T2 holds X-lock on R2 and requests S-lock on R1. What happens?', E'Both transactions proceed normally', E'Deadlock occurs — one transaction must be rolled back', E'T1 proceeds, T2 waits', E'Both requests are converted to X-locks', E'B', E'T1 holds X(R1), wants S(R2) — but T2 holds X(R2), so T1 must wait. T2 holds X(R2), wants S(R1) — but T1 holds X(R1), so T2 must wait. Circular wait = deadlock. The DBMS deadlock detector must abort one transaction.', E'2', E'8') ON CONFLICT (id) DO NOTHING;
INSERT INTO public.questions (id, quiz_id, question_text, option_a, option_b, option_c, option_d, correct_option, explanation, points, sort_order) VALUES (E'2fa86e52-d021-4398-9570-a51fea7aa14d', E'68a0660c-d050-41a0-9646-c6a9418ea397', E'Given: Employees(EID, Name, DeptID, Salary, MgrID). Write the correct query to find departments where the average salary exceeds the company-wide average salary. Which query is correct?', E'SELECT DeptID FROM Employees GROUP BY DeptID HAVING AVG(Salary) > AVG(Salary)', E'SELECT DeptID FROM Employees GROUP BY DeptID HAVING AVG(Salary) > (SELECT AVG(Salary) FROM Employees)', E'SELECT DeptID FROM Employees WHERE AVG(Salary) > (SELECT AVG(Salary) FROM Employees)', E'SELECT DeptID, AVG(Salary) FROM Employees HAVING AVG(Salary) > ALL(SELECT AVG(Salary) FROM Employees)', E'B', E'Option B correctly uses a correlated subquery in HAVING. Option A compares AVG with itself (always false). Option C uses AVG in WHERE (not allowed). Option D has syntax issues with GROUP BY missing.', E'1', E'1') ON CONFLICT (id) DO NOTHING;
INSERT INTO public.questions (id, quiz_id, question_text, option_a, option_b, option_c, option_d, correct_option, explanation, points, sort_order) VALUES (E'fccefdbf-50f1-4bc4-861d-1d50da9a7e85', E'68a0660c-d050-41a0-9646-c6a9418ea397', E'What is the output of: SELECT COUNT(*), COUNT(commission) FROM employees; if the table has 10 rows and 3 rows have NULL commission?', E'10, 10', E'10, 7', E'7, 7', E'10, 3', E'B', E'COUNT(*) counts ALL rows including NULLs = 10. COUNT(commission) counts only non-NULL values = 10-3 = 7. This is a key distinction in SQL aggregate functions.', E'1', E'2') ON CONFLICT (id) DO NOTHING;
INSERT INTO public.questions (id, quiz_id, question_text, option_a, option_b, option_c, option_d, correct_option, explanation, points, sort_order) VALUES (E'41ff0de5-ed94-426f-a715-90d55e511c85', E'68a0660c-d050-41a0-9646-c6a9418ea397', E'To find employees who earn more than EVERY employee in department 10, which operator should be used?', E'salary > ANY (SELECT salary FROM emp WHERE dept=10)', E'salary > ALL (SELECT salary FROM emp WHERE dept=10)', E'salary > SOME (SELECT salary FROM emp WHERE dept=10)', E'salary IN (SELECT MAX(salary) FROM emp WHERE dept=10)', E'B', E'> ALL means greater than the maximum value in the subquery result. > ANY/SOME means greater than at least one (the minimum). To beat EVERY employee in dept 10, we need > ALL.', E'1', E'3') ON CONFLICT (id) DO NOTHING;
INSERT INTO public.questions (id, quiz_id, question_text, option_a, option_b, option_c, option_d, correct_option, explanation, points, sort_order) VALUES (E'4092f450-9e2e-4847-806e-a68ca185dcbf', E'68a0660c-d050-41a0-9646-c6a9418ea397', E'What does this query return? SELECT e1.Name FROM Employees e1 WHERE NOT EXISTS (SELECT 1 FROM Projects p WHERE NOT EXISTS (SELECT 1 FROM Works_On w WHERE w.EID = e1.EID AND w.PID = p.PID))', E'Employees who work on at least one project', E'Employees who work on no projects', E'Employees who work on ALL projects (division)', E'All employees regardless of projects', E'C', E'This is the relational division pattern in SQL. Double NOT EXISTS reads as: "find employees where there is NO project that they do NOT work on" = employees who work on ALL projects.', E'2', E'4') ON CONFLICT (id) DO NOTHING;
INSERT INTO public.questions (id, quiz_id, question_text, option_a, option_b, option_c, option_d, correct_option, explanation, points, sort_order) VALUES (E'201c2664-97e6-4727-b424-c959a970b47f', E'68a0660c-d050-41a0-9646-c6a9418ea397', E'Given a self-join query: SELECT e.Name AS Employee, m.Name AS Manager FROM Employees e LEFT JOIN Employees m ON e.MgrID = m.EID; — What does LEFT JOIN ensure here?', E'Only employees with managers are shown', E'All employees are shown, even those without a manager (CEO)', E'All managers are shown even if they have no reports', E'Duplicate rows are added for each manager', E'B', E'LEFT JOIN ensures ALL rows from the left table (employees) are included. If an employee has no matching MgrID (like a CEO), they still appear with NULL in the Manager column.', E'1', E'5') ON CONFLICT (id) DO NOTHING;
INSERT INTO public.questions (id, quiz_id, question_text, option_a, option_b, option_c, option_d, correct_option, explanation, points, sort_order) VALUES (E'72347820-4a25-407d-b7e2-44e0fbc855f7', E'68a0660c-d050-41a0-9646-c6a9418ea397', E'Which of these prevents SQL injection most effectively?', E'Escaping single quotes in user input', E'Using parameterized/prepared statements', E'Validating input length', E'Using LIMIT 1 in queries', E'B', E'Parameterized/prepared statements separate SQL code from data, making injection impossible. Escaping quotes can be bypassed. Input validation and LIMIT don''t prevent injection at the root cause.', E'1', E'6') ON CONFLICT (id) DO NOTHING;
INSERT INTO public.questions (id, quiz_id, question_text, option_a, option_b, option_c, option_d, correct_option, explanation, points, sort_order) VALUES (E'258d2dcf-9d1f-41eb-b177-600489fbfc05', E'68a0660c-d050-41a0-9646-c6a9418ea397', E'A query runs: SELECT dept, salary, RANK() OVER (PARTITION BY dept ORDER BY salary DESC) as rnk FROM employees; — What does RANK() return for two employees with the same highest salary in a department?', E'Both get rank 1, next gets rank 2', E'Both get rank 1, next gets rank 3', E'First gets rank 1, second gets rank 2', E'Both get rank 0', E'B', E'RANK() assigns the same rank for ties and SKIPS the next rank(s). Two employees tied at rank 1, so the next employee gets rank 3 (not 2). DENSE_RANK() would give rank 2 instead.', E'1', E'7') ON CONFLICT (id) DO NOTHING;
INSERT INTO public.questions (id, quiz_id, question_text, option_a, option_b, option_c, option_d, correct_option, explanation, points, sort_order) VALUES (E'b0b99dd5-02a4-438b-ae2e-0945b814437a', E'68a0660c-d050-41a0-9646-c6a9418ea397', E'What is wrong with this query? DELETE FROM orders WHERE order_date < "2024-01-01" AND customer_id IN (SELECT customer_id FROM orders WHERE total > 1000)', E'Cannot use subquery in DELETE', E'The subquery references the same table being deleted (may cause issues in MySQL)', E'AND cannot combine with IN', E'Nothing is wrong', E'B', E'In MySQL, you cannot modify a table and select from the same table in a subquery within the same statement. This throws an error. Solution: use a derived table/CTE, or a temporary table. PostgreSQL handles this correctly though.', E'2', E'8') ON CONFLICT (id) DO NOTHING;
INSERT INTO public.questions (id, quiz_id, question_text, option_a, option_b, option_c, option_d, correct_option, explanation, points, sort_order) VALUES (E'70f94bb6-f96c-4815-b38c-41309fc2bb8d', E'183a7651-35d2-4664-9695-8f857c938f05', E'What is SQL Injection?', E'A way to secure databases', E'A code injection technique that might destroy your database', E'A database type', E'None of the above', E'B', E'SQLi is a security vulnerability.', E'1', E'1') ON CONFLICT (id) DO NOTHING;
INSERT INTO public.questions (id, quiz_id, question_text, option_a, option_b, option_c, option_d, correct_option, explanation, points, sort_order) VALUES (E'f1d21ddc-93f0-4418-b32c-35d083be09ec', E'183a7651-35d2-4664-9695-8f857c938f05', E'How to prevent SQL Injection?', E'Use raw queries', E'Use prepared statements', E'Use simple string concatenation', E'Don''t use databases', E'B', E'', E'1', E'2') ON CONFLICT (id) DO NOTHING;
INSERT INTO public.questions (id, quiz_id, question_text, option_a, option_b, option_c, option_d, correct_option, explanation, points, sort_order) VALUES (E'5de22877-f5a9-4dbe-b2a3-dbaebe1a0a38', E'73243dfc-bfae-4886-beb9-14306af7b240', E'What is normalization in DBMS?', E'Process of organizing data to reduce redundancy', E'Process of data backup', E'Data encryption method', E'Data visualization technique', E'A', E'', E'1', E'1') ON CONFLICT (id) DO NOTHING;
INSERT INTO public.questions (id, quiz_id, question_text, option_a, option_b, option_c, option_d, correct_option, explanation, points, sort_order) VALUES (E'4c2b1678-464c-4877-b518-6d87593193fc', E'73243dfc-bfae-4886-beb9-14306af7b240', E'Which normal form removes partial dependency?', E'1NF', E'2NF', E'3NF', E'BCNF', E'B', E'', E'1', E'2') ON CONFLICT (id) DO NOTHING;
INSERT INTO public.questions (id, quiz_id, question_text, option_a, option_b, option_c, option_d, correct_option, explanation, points, sort_order) VALUES (E'304fd430-a3de-48fa-a2a4-21e40004988d', E'73243dfc-bfae-4886-beb9-14306af7b240', E'Which normal form removes transitive dependency?', E'1NF', E'2NF', E'3NF', E'4NF', E'C', E'', E'1', E'3') ON CONFLICT (id) DO NOTHING;
INSERT INTO public.questions (id, quiz_id, question_text, option_a, option_b, option_c, option_d, correct_option, explanation, points, sort_order) VALUES (E'09bae221-8356-4d27-afe1-c79262d80440', E'73243dfc-bfae-4886-beb9-14306af7b240', E'First Normal Form (1NF) ensures:', E'No repeating groups', E'No transitive dependency', E'No multivalued dependency', E'No functional dependency', E'A', E'', E'1', E'4') ON CONFLICT (id) DO NOTHING;
INSERT INTO public.questions (id, quiz_id, question_text, option_a, option_b, option_c, option_d, correct_option, explanation, points, sort_order) VALUES (E'bfc5d4e6-3f92-4fc4-adbb-5117cd44fa0f', E'73243dfc-bfae-4886-beb9-14306af7b240', E'BCNF stands for:', E'Boyce-Codd Normal Form', E'Basic Column Normal Form', E'Binary Code Normal Form', E'Base Control Normal Form', E'A', E'', E'1', E'5') ON CONFLICT (id) DO NOTHING;
INSERT INTO public.questions (id, quiz_id, question_text, option_a, option_b, option_c, option_d, correct_option, explanation, points, sort_order) VALUES (E'702c913d-de9d-4915-9826-36bcd27cbb05', E'73243dfc-bfae-4886-beb9-14306af7b240', E'Functional dependency means:', E'One attribute depends on another', E'Tables are linked', E'Data is duplicated', E'Keys are removed', E'A', E'', E'1', E'6') ON CONFLICT (id) DO NOTHING;
INSERT INTO public.questions (id, quiz_id, question_text, option_a, option_b, option_c, option_d, correct_option, explanation, points, sort_order) VALUES (E'0683b59b-dfec-492b-b217-82cccba6ec67', E'73243dfc-bfae-4886-beb9-14306af7b240', E'Which key uniquely identifies a record?', E'Foreign Key', E'Primary Key', E'Candidate Key', E'Composite Key', E'B', E'', E'1', E'7') ON CONFLICT (id) DO NOTHING;
INSERT INTO public.questions (id, quiz_id, question_text, option_a, option_b, option_c, option_d, correct_option, explanation, points, sort_order) VALUES (E'b0433d08-dbfa-4851-9677-70c64cbb09d4', E'73243dfc-bfae-4886-beb9-14306af7b240', E'2NF is based on:', E'Removing partial dependency', E'Removing redundancy', E'Removing null values', E'Removing duplicates', E'A', E'', E'1', E'8') ON CONFLICT (id) DO NOTHING;
INSERT INTO public.materials (id, title, description, type, url, thumbnail, price, module_id, created_by, created_at) VALUES (E'12fb627b-0960-4e24-9db9-ebd7433b1b87', E'DBMS Complete Course — Introduction', E'Full introduction to DBMS covering architecture, data models, and schema design. Perfect for beginners starting the DBMS journey.', E'video', E'https://www.youtube.com/embed/kBdlM6hNDAE', E'https://img.youtube.com/vi/kBdlM6hNDAE/maxresdefault.jpg', NULL, E'b0754b49-593a-40da-ba4c-9a463a33efff', E'8420d143-cf7f-4421-a083-2620864cbe2c', E'2026-04-14T06:38:20.422Z') ON CONFLICT (id) DO NOTHING;
INSERT INTO public.materials (id, title, description, type, url, thumbnail, price, module_id, created_by, created_at) VALUES (E'deb98324-ae6c-49a0-ac8f-1fbdff47010f', E'ER Diagram Tutorial — Complete Guide', E'Step-by-step tutorial on creating Entity-Relationship diagrams with real-world examples. Covers entities, attributes, relationships, and cardinality.', E'video', E'https://www.youtube.com/embed/QpdhBUYk7Kk', E'https://img.youtube.com/vi/QpdhBUYk7Kk/maxresdefault.jpg', NULL, E'82910a96-074d-4059-b2f9-596dd466b99d', E'8420d143-cf7f-4421-a083-2620864cbe2c', E'2026-04-14T06:38:20.422Z') ON CONFLICT (id) DO NOTHING;
INSERT INTO public.materials (id, title, description, type, url, thumbnail, price, module_id, created_by, created_at) VALUES (E'49cbe546-de3c-4a80-bb27-f55f75c8623d', E'Database Normalization — 1NF, 2NF, 3NF, BCNF', E'Clear explanation of all normal forms with practical table decomposition examples. Includes anomaly identification and resolution.', E'video', E'https://www.youtube.com/embed/GFQaEYEc8_8', E'https://img.youtube.com/vi/GFQaEYEc8_8/maxresdefault.jpg', NULL, E'facbcb9e-3f7a-4e4e-8cba-1f80f0c2b4b0', E'8420d143-cf7f-4421-a083-2620864cbe2c', E'2026-04-14T06:38:20.422Z') ON CONFLICT (id) DO NOTHING;
INSERT INTO public.materials (id, title, description, type, url, thumbnail, price, module_id, created_by, created_at) VALUES (E'e34f444f-152f-4e96-b448-acff6fe3d0e0', E'SQL Full Course for Beginners', E'Comprehensive SQL tutorial covering SELECT, JOIN, GROUP BY, subqueries, and advanced functions with hands-on examples.', E'video', E'https://www.youtube.com/embed/HXV3zeQKqGY', E'https://img.youtube.com/vi/HXV3zeQKqGY/maxresdefault.jpg', NULL, E'bc0bc089-25a5-4c9c-9aec-05078b2cb778', E'8420d143-cf7f-4421-a083-2620864cbe2c', E'2026-04-14T06:38:20.422Z') ON CONFLICT (id) DO NOTHING;
INSERT INTO public.materials (id, title, description, type, url, thumbnail, price, module_id, created_by, created_at) VALUES (E'919c0a18-2e42-4227-8f19-6160e672e263', E'Transactions & Concurrency Control in DBMS', E'Detailed lecture on ACID properties, serializability, locking protocols, deadlock detection and recovery mechanisms.', E'video', E'https://www.youtube.com/embed/P80Js_qClUE', E'https://img.youtube.com/vi/P80Js_qClUE/maxresdefault.jpg', NULL, E'74253705-7ad5-4fce-8902-070b48e5d1e9', E'8420d143-cf7f-4421-a083-2620864cbe2c', E'2026-04-14T06:38:20.422Z') ON CONFLICT (id) DO NOTHING;
INSERT INTO public.materials (id, title, description, type, url, thumbnail, price, module_id, created_by, created_at) VALUES (E'ef12a6d2-acc0-4982-8a8d-0aeec76e3e25', E'Indexing and B+ Trees Explained', E'Visual explanation of indexing data structures including B-Trees, B+ Trees, hash indexes and their performance characteristics.', E'video', E'https://www.youtube.com/embed/aZjYr87r1b8', E'https://img.youtube.com/vi/aZjYr87r1b8/maxresdefault.jpg', NULL, E'8baf582a-0905-4245-8144-fe622478c455', E'8420d143-cf7f-4421-a083-2620864cbe2c', E'2026-04-14T06:38:20.422Z') ON CONFLICT (id) DO NOTHING;
INSERT INTO public.materials (id, title, description, type, url, thumbnail, price, module_id, created_by, created_at) VALUES (E'1c21fc30-b172-4718-82e1-c2373fe3006c', E'Relational Algebra — Complete Lecture', E'Covers all relational algebra operations: selection, projection, union, intersection, difference, join, and division with examples.', E'video', E'https://www.youtube.com/embed/jMVRz55CqOY', E'https://img.youtube.com/vi/jMVRz55CqOY/maxresdefault.jpg', NULL, NULL, E'8420d143-cf7f-4421-a083-2620864cbe2c', E'2026-04-14T06:38:20.422Z') ON CONFLICT (id) DO NOTHING;
INSERT INTO public.materials (id, title, description, type, url, thumbnail, price, module_id, created_by, created_at) VALUES (E'4eda038c-8bcd-4d3c-943f-7e6e5d521b01', E'SQL Joins Visualized — Inner, Left, Right, Full', E'Visual diagrams and animated examples of all SQL JOIN types. Includes self-joins and cross joins with real-world scenarios.', E'video', E'https://www.youtube.com/embed/9yeOJ0ZMUYw', E'https://img.youtube.com/vi/9yeOJ0ZMUYw/maxresdefault.jpg', NULL, E'bc0bc089-25a5-4c9c-9aec-05078b2cb778', E'8420d143-cf7f-4421-a083-2620864cbe2c', E'2026-04-14T06:38:20.422Z') ON CONFLICT (id) DO NOTHING;
INSERT INTO public.materials (id, title, description, type, url, thumbnail, price, module_id, created_by, created_at) VALUES (E'10e4225a-fa84-4074-b495-1ef029f43714', E'Introduction to DBMS — Lecture Slides', E'Comprehensive lecture slides covering DBMS fundamentals, architecture, data models, schema, and three-schema architecture.', E'ppt', E'#', NULL, NULL, E'b0754b49-593a-40da-ba4c-9a463a33efff', E'8420d143-cf7f-4421-a083-2620864cbe2c', E'2026-04-14T06:38:20.422Z') ON CONFLICT (id) DO NOTHING;
INSERT INTO public.materials (id, title, description, type, url, thumbnail, price, module_id, created_by, created_at) VALUES (E'18af18f0-a2c5-48b6-bace-ea6772df850b', E'ER Model & ER Diagrams', E'Detailed slides on Entity-Relationship model, Chen notation, weak entities, attributes, relationships, and participation constraints.', E'ppt', E'#', NULL, NULL, E'82910a96-074d-4059-b2f9-596dd466b99d', E'8420d143-cf7f-4421-a083-2620864cbe2c', E'2026-04-14T06:38:20.422Z') ON CONFLICT (id) DO NOTHING;
INSERT INTO public.materials (id, title, description, type, url, thumbnail, price, module_id, created_by, created_at) VALUES (E'43fec907-15b1-4d8f-abbf-f11dc56857fd', E'Normalization in DBMS', E'Lecture slides on normalization: functional dependencies, 1NF through BCNF, decomposition algorithms, and lossless joins.', E'ppt', E'#', NULL, NULL, E'facbcb9e-3f7a-4e4e-8cba-1f80f0c2b4b0', E'8420d143-cf7f-4421-a083-2620864cbe2c', E'2026-04-14T06:38:20.422Z') ON CONFLICT (id) DO NOTHING;
INSERT INTO public.materials (id, title, description, type, url, thumbnail, price, module_id, created_by, created_at) VALUES (E'cea6dfbc-9a68-45d1-bc5a-535641be6b98', E'SQL Commands & Query Processing', E'Complete SQL reference slides: DDL, DML, DCL, TCL with examples, subqueries, joins, views, and stored procedures.', E'ppt', E'#', NULL, NULL, E'bc0bc089-25a5-4c9c-9aec-05078b2cb778', E'8420d143-cf7f-4421-a083-2620864cbe2c', E'2026-04-14T06:38:20.422Z') ON CONFLICT (id) DO NOTHING;
INSERT INTO public.materials (id, title, description, type, url, thumbnail, price, module_id, created_by, created_at) VALUES (E'ebda03cd-e4eb-4d5f-9d09-ac3e99f46222', E'Transaction Management & Recovery', E'Slides covering transaction processing, ACID, serializability, recovery techniques, log-based recovery, and checkpointing.', E'ppt', E'#', NULL, NULL, E'74253705-7ad5-4fce-8902-070b48e5d1e9', E'8420d143-cf7f-4421-a083-2620864cbe2c', E'2026-04-14T06:38:20.422Z') ON CONFLICT (id) DO NOTHING;
INSERT INTO public.materials (id, title, description, type, url, thumbnail, price, module_id, created_by, created_at) VALUES (E'b7e7523d-4652-4aa8-b56f-a63a38c48c11', E'Indexing, B-Trees & Hashing', E'Visual slides on indexing methods, B-Tree/B+ Tree structures, hash indexing, and query optimization strategies.', E'ppt', E'#', NULL, NULL, E'8baf582a-0905-4245-8144-fe622478c455', E'8420d143-cf7f-4421-a083-2620864cbe2c', E'2026-04-14T06:38:20.422Z') ON CONFLICT (id) DO NOTHING;
INSERT INTO public.materials (id, title, description, type, url, thumbnail, price, module_id, created_by, created_at) VALUES (E'c3cb296d-8000-48e0-a49a-29d177753446', E'Relational Algebra & Relational Calculus', E'Formal foundations: relational algebra operators, tuple/domain calculus, with solved examples.', E'ppt', E'#', NULL, NULL, NULL, E'8420d143-cf7f-4421-a083-2620864cbe2c', E'2026-04-14T06:38:20.422Z') ON CONFLICT (id) DO NOTHING;
INSERT INTO public.materials (id, title, description, type, url, thumbnail, price, module_id, created_by, created_at) VALUES (E'72c3e178-870b-4b22-bdf9-e7ecb9b11317', E'Database Security & Authorization', E'Database security concepts: access control, SQL injection prevention, RBAC, audit trails, and encryption.', E'ppt', E'#', NULL, NULL, NULL, E'8420d143-cf7f-4421-a083-2620864cbe2c', E'2026-04-14T06:38:20.422Z') ON CONFLICT (id) DO NOTHING;
INSERT INTO public.materials (id, title, description, type, url, thumbnail, price, module_id, created_by, created_at) VALUES (E'12f6b8e2-2ff2-48d3-8024-36ba7f9a7b50', E'Verification Paper', E'Test PDF', E'pqqs', E'/uploads/689fb035-7f4e-42e5-9e61-2671a13933f3.pdf', NULL, E'2', E'b0754b49-593a-40da-ba4c-9a463a33efff', E'8420d143-cf7f-4421-a083-2620864cbe2c', E'2026-04-15T15:50:33.111Z') ON CONFLICT (id) DO NOTHING;
INSERT INTO public.materials (id, title, description, type, url, thumbnail, price, module_id, created_by, created_at) VALUES (E'sample-pqq-final', E'📄 Final Exam Sample Paper', E'Complete offline sample paper for DBMS.', E'pqqs', E'/uploads/presentation_sample.pdf', NULL, E'2', E'b0754b49-593a-40da-ba4c-9a463a33efff', E'8420d143-cf7f-4421-a083-2620864cbe2c', E'2026-04-15T16:02:16.985Z') ON CONFLICT (id) DO NOTHING;
